{"cameraMode":{"drawMode":0,"name":"Shaded","section":"Shading Mode"},"sceneLighting":false,"audioPlay":false,"sceneViewState":{"m_AlwaysRefresh":false,"showFog":true,"showSkybox":true,"showFlares":true,"showImageEffects":true,"showParticleSystems":true,"showVisualEffectGraphs":true,"m_FxEnabled":true},"in2DMode":false,"pivot":{"x":3.5411157608032228,"y":4.4117279052734379,"z":-4.768109321594238},"rotation":{"x":-0.20623651146888734,"y":0.24701322615146638,"z":-0.05389237031340599,"w":-0.9452773928642273},"size":1.8265318870544434,"orthographic":false}